UserID,Email,Username
1,hernandezconnor@whitehead.info,bruce23
2,schroederchristopher@davis.com,rollinsmichele
3,mccarthykelly@roberts.net,jeremiah69
4,davisnancy@gmail.com,aaron28
5,walkerbrian@lee-blackwell.com,bfuller
6,pfletcher@anderson.com,kylecarpenter
7,dickersonallison@gmail.com,rhonda92
8,matthewwebb@ortiz.com,smithhannah
9,sandrathomas@taylor.com,lisamercado
10,roachbrittany@scott.info,lisapatterson
11,smoore@chang.com,anna75
12,cruzjason@hotmail.com,sheila94
13,harrischeryl@yahoo.com,robinsoncasey
14,rmoore@gonzalez.com,adrianevans
15,dustinmarquez@morgan-colon.com,edwardthompson
16,staciethomas@hotmail.com,nicolemartinez
17,cshelton@long.info,ytorres
18,peter11@soto.net,aschroeder
19,randalljames@chung.com,james73
20,tim47@yahoo.com,qjohnson
21,daniel73@hotmail.com,mathewsryan
22,jonesanna@brown-woods.com,susanhenderson
23,christinabrown@parker.com,danielle41
24,nmartin@yahoo.com,elizabethherrera
25,jason20@yahoo.com,frankboyd
26,asmith@phillips-johnson.biz,sharon26
27,carlapeterson@yahoo.com,darrellholmes
28,brownmelissa@sanchez.com,danielgarcia
29,myerssarah@yahoo.com,reeselisa
30,kathyschmidt@gmail.com,qmaxwell
31,leah11@bryant.com,qvasquez
32,dortega@boyer.com,ruth80
33,melissacarr@hotmail.com,andrew14
34,theresa36@hotmail.com,amy25
35,michaelrojas@hotmail.com,susan98
36,kwhite@yahoo.com,petersonchristina
37,raymondrangel@may-obrien.com,scottcohen
38,ariana11@hotmail.com,nicholas73
39,lisa56@gmail.com,kurt93
40,castrojordan@yahoo.com,william75
41,levans@sanford-wong.com,laurapatterson
42,jacksonbrittany@jackson-valencia.com,owensjeff
43,ojohnson@hotmail.com,tinamartin
44,bakermichael@yahoo.com,mitchell99
45,kellymercer@hampton.com,beverly91
46,yobrien@hotmail.com,scottjones
47,martinamanda@smith.biz,john60
48,dlawson@hotmail.com,roymartinez
49,rebeccaedwards@hotmail.com,thomasmatthew
50,jacksonjose@osborne.com,davisronald
51,bennettmanuel@spears.com,xrice
52,lstevens@spence.com,kimberly89
53,pscott@yahoo.com,ehaley
54,carla70@moore.com,michelle60
55,tasha73@hotmail.com,tinawarner
56,lrobertson@yahoo.com,levyjessica
57,nolanangel@hotmail.com,sharon00
58,ewu@gmail.com,mario24
59,caitlin96@duncan-marsh.org,walshnatalie
60,tatewilliam@hotmail.com,amanda86
61,gonzalezashley@walker-smith.org,craig94
62,smithrichard@miller.info,charlesgriffin
63,kathleenmullins@smith-robinson.com,meadowstonya
64,brandtdaniel@blankenship-martin.com,howard09
65,wshaw@conley-byrd.com,traceybarrett
66,paulmartinez@chapman-howard.com,sarah40
67,ethomas@yahoo.com,lucas69
68,maysarah@yahoo.com,keith44
69,phillipsandoval@krause-cole.com,obaker
70,kingchristopher@newman.org,brittanygarrett
71,vthompson@hotmail.com,adavis
72,harrisdylan@grant.biz,nicholas92
73,kjones@leblanc-thompson.net,storres
74,perezthomas@yahoo.com,amandachavez
75,chavezcarlos@hotmail.com,gonzalezkevin
76,nboyle@hotmail.com,kdelgado
77,wesleyhardy@yahoo.com,newmanrobert
78,jarias@yahoo.com,david31
79,mary59@gmail.com,ramirezvictoria
80,perezjennifer@smith.com,landrybeverly
81,anthonyjefferson@roberts.com,aaron47
82,kaylanichols@gallegos.biz,christinecross
83,abigail85@hotmail.com,eddie37
84,justin38@yahoo.com,feliciahuber
85,marisathomas@medina.com,michelle74
86,zday@hotmail.com,mariahinton
87,jasonadams@yahoo.com,andreayoung
88,castilloemily@patel.net,zmyers
89,dawn77@yahoo.com,gallen
90,sarahmclaughlin@chavez-acosta.net,allisonbennett
91,rlopez@yahoo.com,davidrodriguez
92,matthewturner@yahoo.com,coxjason
93,williammorales@krueger-harrington.com,vbrown
94,brownmichael@gmail.com,barbarastevens
95,jeremiah29@yahoo.com,ososa
96,richardallison@yahoo.com,jon91
97,parkcharles@mills.net,wilkinsfrank
98,yward@jones-wilson.info,panderson
99,osbornemadison@smith.org,blakegallagher
100,danielletapia@gmail.com,manninglisa
101,jasminemooney@hotmail.com,atkinsonteresa
102,timothyhernandez@carr-martin.com,shari63
103,armstrongjessica@vance-adams.com,jeromemartinez
104,tstone@martinez.com,ymitchell
105,amy46@richards.com,mwade
106,robert86@garcia.com,anthony43
107,butlerjason@cortez-smith.biz,jacksoncindy
108,piercethomas@villa-anderson.com,durhamtrevor
109,lewisjasmine@gmail.com,joseph07
110,kimberlysalinas@yahoo.com,petersongregory
111,curtis00@kennedy-park.com,jfrazier
112,cherylperry@griffin-martin.com,vjones
113,fmoran@gmail.com,phenry
114,colejohn@white-anderson.com,kirkgloria
115,mayers@wolf.com,jordan84
116,kathleen40@johnson.info,jeffrey84
117,ywelch@newton-baird.com,maxwellcorey
118,james79@ingram.com,hdavis
119,dguzman@yahoo.com,rsandoval
120,christopher90@marshall.info,snydermichael
121,gbecker@hotmail.com,frankcarter
122,fshannon@hotmail.com,geraldjackson
123,shepardvanessa@kim-patel.com,helenperez
124,scottjuarez@holmes-moore.info,nathan64
125,meyersraymond@mooney-leonard.com,qmckenzie
126,mooredaisy@hotmail.com,jasminecohen
127,kochbarbara@mcdaniel-warren.org,seanrush
128,wferguson@conley-hamilton.com,klawrence
129,jimenezjackson@flores-atkins.com,qdavis
130,owilson@jones.com,jill07
131,fernandezandrew@nelson.com,patrick08
132,johnmunoz@gmail.com,jodi00
133,matthewgonzalez@orr.com,jarmstrong
134,xwhite@roth-edwards.info,mparker
135,mmclean@gmail.com,morganvasquez
136,larryrichardson@hotmail.com,ewoodward
137,daniel52@gmail.com,karen48
138,benjamin19@aguilar.com,lindsay78
139,kpollard@hotmail.com,sotobrian
140,james39@carlson.com,anthony92
141,sean27@hotmail.com,rhonda77
142,kristin06@gmail.com,stevensdana
143,watsonjason@hotmail.com,lewisanthony
144,pbush@gmail.com,howardmelissa
145,ksmith@weaver.com,ferrellryan
146,michellekelley@gmail.com,jeremiahcrane
147,butlerkimberly@barnes.com,edwardscalvin
148,rebeccaalvarez@davis.org,cherylwolfe
149,lisa20@johnson.com,scottchristina
150,aaron22@roberts.com,hyoung
151,rodriguezsusan@hansen.com,castroalicia
152,robert36@cooke-ferguson.net,thomasdunn
153,jacqueline54@yahoo.com,chayes
154,gilbert02@gmail.com,ijones
155,samuel99@hotmail.com,steven85
156,christinemorris@yahoo.com,emily08
157,benjaminburton@gmail.com,brendanbeard
158,jamesbailey@lowery-smith.biz,john83
159,raymond61@hawkins.com,doughertyanita
160,xjimenez@yahoo.com,veronica34
161,lowejose@ramos-townsend.com,mccannjulie
162,christopherkelly@small-wiley.com,meyersjoseph
163,mistyedwards@higgins-andrews.info,dustinwilliams
164,amy40@hotmail.com,hendricksanita
165,john74@yahoo.com,heidijones
166,mark37@grimes-adams.biz,bperez
167,mariacunningham@gmail.com,sjohnson
168,montgomerypeter@gmail.com,jacobwright
169,pharvey@yahoo.com,triciakent
170,jwilson@gardner.com,stephenlong
171,braunbenjamin@owens.com,rmills
172,sanderspamela@yahoo.com,nedwards
173,craig56@morgan-holland.biz,melissa68
174,dylanjackson@black.info,laura93
175,adam71@oneill.org,james03
176,xmiller@kent-austin.com,ekim
177,smithshannon@hotmail.com,cindylopez
178,timothytodd@yahoo.com,coffeytroy
179,penny33@bell.com,rhouston
180,maryanderson@hotmail.com,charles78
181,patricia42@fleming-morris.info,jeremydean
182,rstuart@gmail.com,rwaters
183,luisbird@yahoo.com,elizabethgibson
184,mcdonaldteresa@hotmail.com,sharonthornton
185,randalllindsay@hamilton.com,charles74
186,astark@nguyen.org,christiangarcia
187,debbie14@carter.biz,tina51
188,meyerphilip@yahoo.com,harrisnatasha
189,elizabeth62@wood.com,melaniecooper
190,lopezchristopher@hotmail.com,larrydawson
191,lindseyjackson@white.com,rebeccaingram
192,jennifer90@hotmail.com,catherinebrown
193,ramseymalik@ryan-frank.com,amber27
194,jason64@stanley.com,ekramer
195,johnsonamy@hall.com,usanders
196,uestrada@sutton.biz,michele89
197,kcurry@yahoo.com,beth50
198,mnguyen@hotmail.com,ubarry
199,brandon27@hotmail.com,johnsonjustin
200,dfischer@hotmail.com,james09
201,palmergregory@brown.com,nicholasterrell
202,wjones@hotmail.com,jeffrey35
203,timothy63@brown.com,whitneymiguel
204,reedlindsey@yahoo.com,james71
205,jesussmith@yahoo.com,thorntonglen
206,angel83@boyer.info,william96
207,douglaswilliams@johnson.org,perryteresa
208,mmclaughlin@hotmail.com,jamesbrown
209,holmeslisa@stephens.biz,nicole86
210,albert88@braun.com,tyler00
211,gonzalezjason@cowan.com,jferguson
212,cynthia08@evans.info,richard66
213,chrismcintyre@yahoo.com,michael66
214,elizabethallen@gmail.com,montesbrenda
215,wadematthew@yahoo.com,wileysusan
216,cory97@hotmail.com,amandayoung
217,mclaughlinstephen@yahoo.com,jacqueline99
218,hansenkevin@gmail.com,waltonpatrick
219,baileyhatfield@pena.org,carrie08
220,brittany68@cooper-wade.com,charles88
221,theresa76@gmail.com,gharris
222,thompsonmichael@yahoo.com,nelsonyolanda
223,qgarcia@gmail.com,tiffanymcknight
224,chadrose@gmail.com,ehiggins
225,bmartin@gmail.com,darmstrong
226,brittany28@yahoo.com,andrew98
227,lisa00@neal.com,daniellehudson
228,tvasquez@hotmail.com,perry47
229,denise86@hotmail.com,romerojoseph
230,wesleymcclure@adams-doyle.org,whitenancy
231,jessicabrown@yahoo.com,lisa92
232,ccollins@collins-turner.com,petersonnicole
233,katelynmolina@russell.org,matthewking
234,matthew12@yahoo.com,valerie40
235,jessicajackson@gmail.com,john87
236,james73@moore.org,geraldjones
237,petersonsamantha@yahoo.com,sandra48
238,michael06@hotmail.com,crystal03
239,whitakergregory@walsh.org,harrisdaniel
240,jeffreygomez@hernandez-riggs.com,bridgetmoore
241,mary96@gardner.net,parkdawn
242,sandra51@yahoo.com,hullchristina
243,kquinn@mclean.com,dawn49
244,thompsonkathryn@cantrell-small.com,brendanjohnson
245,lewisheather@gmail.com,jamie41
246,lopezkelsey@ellis.com,jgarcia
247,jeromearmstrong@gmail.com,diane05
248,brycemoore@rice-patterson.com,sgonzalez
249,moralespamela@gmail.com,madeline76
250,fowlerfelicia@gmail.com,henry95
251,michael88@yahoo.com,chandlerstephanie
252,calderonanthony@hotmail.com,awilliams
253,muellerkaren@sellers-rice.biz,ewilson
254,joshuamiles@wallace.com,meghan79
255,victoriahanna@quinn.net,georgeleach
256,joshua29@gmail.com,richardwilliams
257,apittman@reed-walker.biz,jwagner
258,obrientyler@gmail.com,alexis22
259,janet74@burns-bates.com,kayla95
260,carol21@yahoo.com,kanthony
261,gomezchristian@francis.com,watersamber
262,suareznicole@jackson-knight.com,patrickware
263,moorekaitlyn@mcdonald.com,sandersalyssa
264,gvega@martinez.net,lewisrobert
265,christina64@yahoo.com,jennifer89
266,michael90@gmail.com,heidikelly
267,joshua83@zhang-villarreal.com,epeters
268,danielorozco@macias.com,chloe87
269,joseph45@flores-hart.com,qfields
270,diane64@hotmail.com,elizabethfarrell
271,ufrazier@rice-reed.com,fmccullough
272,millerkenneth@gmail.com,ftate
273,sanchezryan@yahoo.com,nhuffman
274,vbrown@bruce.biz,imiller
275,pattersonrenee@watts-jimenez.net,amber26
276,qhall@shields.info,marilyngriffin
277,smithbryan@hotmail.com,zfranklin
278,stephanie30@mitchell-perkins.info,ryan85
279,angela49@hotmail.com,williammeyers
280,ericakelly@gmail.com,stephenray
281,mooreangela@yahoo.com,anthony64
282,sarajones@gmail.com,scottsanford
283,sara24@cobb.com,hjohnston
284,ilynn@gmail.com,paynevirginia
285,fmorgan@yahoo.com,xcox
286,eric26@gmail.com,osmith
287,dennissimpson@sims-dudley.org,vtodd
288,kevincole@burch.info,goodwinmark
289,jacksontimothy@hurst-black.com,diane70
290,ericksonhenry@mcconnell.org,linda85
291,ninamaynard@mendoza.com,timothywalton
292,maria67@yahoo.com,guerrajoshua
293,russellcody@mcdowell.biz,asmith
294,ericaholmes@west.com,andersoncharles
295,michael63@yahoo.com,jevans
296,rmurillo@johnson-thomas.com,brandybolton
297,jtorres@yahoo.com,nwhitehead
298,guerramichelle@gmail.com,juan58
299,osmith@yahoo.com,amber35
300,lopezalexander@pierce-johnson.info,hperez
