RecipeID,RecipeTitle,VideoTitle,YouTubeLink,ThumbnailUrl
252076,Mississippi Mud Cake,Easy Mississippi Mud Cake Recipe,https://youtube.com/watch?v=-dtU8Q-JNFk,https://i.ytimg.com/vi/-dtU8Q-JNFk/hqdefault.jpg
1432293,Greek Sweet Bread,Easy Tsoureki Greek Easter Bread Recipe for Beginners - No Mixer Needed!,https://youtube.com/watch?v=EKp18Ol76e0,https://i.ytimg.com/vi/EKp18Ol76e0/hqdefault.jpg
1276424,Hoisin-Glazed Cornish Hen ,Making the Best Asian Inspired Hoisin Glazed Cornish Hens with Scallions and Sesame Seeds Recipe,https://youtube.com/watch?v=DKEqMSBrtgk,https://i.ytimg.com/vi/DKEqMSBrtgk/hqdefault.jpg
2007310,Easy Rhubarb Jam Recipe,Amish Rhubarb Jam Recipe ~ Open Kettle Method,https://youtube.com/watch?v=Qgmd3UXdgEg,https://i.ytimg.com/vi/Qgmd3UXdgEg/hqdefault.jpg
920619,Easy Chicken And Biscuits,CHICKEN AND BISCUITS | Creamy Chicken and Biscuits Bake | One Pot Meal,https://youtube.com/watch?v=KvFfBW9jxKQ,https://i.ytimg.com/vi/KvFfBW9jxKQ/hqdefault.jpg
1483366,Lamb Kefta With Dates And Sage Recipe,Making kofteh in the traditional way (sage)Kofteh with lamb on the fire and big sage #food #foodie,https://youtube.com/watch?v=kmxjmEG9ELw,https://i.ytimg.com/vi/kmxjmEG9ELw/hqdefault.jpg
1233208,Cranberry-Walnut Baked Apples,Slow-Cooker Cranberry-Walnut Stuffed Apples | The Kitchen | Food Network,https://youtube.com/watch?v=vEcnizoVJCw,https://i.ytimg.com/vi/vEcnizoVJCw/hqdefault.jpg
2041509,Lemon Grilled Chicken,How To Make Lemon Pepper Grilled Chicken: Healthy And Delicious Chicken #chicken #food #healthyfood,https://youtube.com/watch?v=hgJRr7b0uyM,https://i.ytimg.com/vi/hgJRr7b0uyM/hqdefault.jpg
106810,Sweet Potato Souffle,Sweet Potato Souffl√© #onestopchop,https://youtube.com/watch?v=fsZ42GrT_0U,https://i.ytimg.com/vi/fsZ42GrT_0U/hqdefault.jpg
832974,14 Layer Chocolate Cake,Southern Little Layer Cake (10 Layers),https://youtube.com/watch?v=FHayTVNYBfc,https://i.ytimg.com/vi/FHayTVNYBfc/hqdefault.jpg
18591,Super Potato Casserole,Easy Loaded Potato Casserole,https://youtube.com/watch?v=Bc-Vj-90wd0,https://i.ytimg.com/vi/Bc-Vj-90wd0/hqdefault.jpg
681849,Mexican Succotash,Southwest Succotash,https://youtube.com/watch?v=Ft9RVIQkgWY,https://i.ytimg.com/vi/Ft9RVIQkgWY/hqdefault.jpg
1999354,Lemon Dessert,6 Amazing Lemon Dessert Recipes,https://youtube.com/watch?v=URcho0QackA,https://i.ytimg.com/vi/URcho0QackA/hqdefault.jpg
989795,Flaky Deli Slices,Vegan Deli Slices ü•™,https://youtube.com/watch?v=T4hel2cPFjQ,https://i.ytimg.com/vi/T4hel2cPFjQ/hqdefault.jpg
2158498,Chunky Guacamole,Chunky Guacamole,https://youtube.com/watch?v=qZ2DTGFjN-Y,https://i.ytimg.com/vi/qZ2DTGFjN-Y/hqdefault.jpg
1233209,Decorated Spice Cookies,How to make Christmas Spiced Cookies with KatiePix! #christmas #christmascookies,https://youtube.com/watch?v=7MhRSi0Aa-k,https://i.ytimg.com/vi/7MhRSi0Aa-k/hqdefault.jpg
132145,Coconut Cake Supreme(Makes 3 Layers)  ,Grandmother‚Äôs Moist Coconut Cake - Refrigerator Kept with a Secret Ingredient,https://youtube.com/watch?v=bBzPgPztPPw,https://i.ytimg.com/vi/bBzPgPztPPw/hqdefault.jpg
1553611,Sweet Starfish Shortbread Cookies,4 Ways to Decorate Starfish Cookies,https://youtube.com/watch?v=rR5lMDOZYnA,https://i.ytimg.com/vi/rR5lMDOZYnA/hqdefault.jpg
197660,Cream Puff Ring,Berries &amp; Cream Puff Ring,https://youtube.com/watch?v=WMy29Y3weIM,https://i.ytimg.com/vi/WMy29Y3weIM/hqdefault.jpg
201438,Carolina Fig Special,Trudy Austin&#39;s Ocracoke Fig Cake | The Key Ingredient with Sheri Castle,https://youtube.com/watch?v=t0Na5QbD6XY,https://i.ytimg.com/vi/t0Na5QbD6XY/hqdefault.jpg
1917291,Sophie's cold honey sesame meatball noodles,Trying this trend at 37 weeks pregnant #shorts,https://youtube.com/watch?v=1QoLPg_Hnxw,https://i.ytimg.com/vi/1QoLPg_Hnxw/hqdefault.jpg
1159833,Nacho Cheese,Movie Theater Style Nacho Cheese Sauce (Secret Ingredient!),https://youtube.com/watch?v=nGN1B-T1GMw,https://i.ytimg.com/vi/nGN1B-T1GMw/hqdefault.jpg
1916244,Easy cheese and beef dip,Crockpot Queso Dip for Super Bowl | MyHealthyDish,https://youtube.com/watch?v=2Pj1pnpM6as,https://i.ytimg.com/vi/2Pj1pnpM6as/hqdefault.jpg
911534,Pancit Luglug,Easy Pancit Luglug,https://youtube.com/watch?v=esLqq8G5gcg,https://i.ytimg.com/vi/esLqq8G5gcg/hqdefault.jpg
1260638,Eccles Cakes,Eccles Cakes how to Recipe Demonstration in the Bakery,https://youtube.com/watch?v=2riVy-xIMK0,https://i.ytimg.com/vi/2riVy-xIMK0/hqdefault.jpg
188573,Enchiladas,Easy Creamy Chicken Enchiladas | Simple Dinner Recipe | Safeway,https://youtube.com/watch?v=_QVmEha5_jM,https://i.ytimg.com/vi/_QVmEha5_jM/hqdefault.jpg
1220154,Crawfish Cakes With Lemon Butter Sauce,How to make an easy white wine lemon butter sauce in two minutes.,https://youtube.com/watch?v=ZG-QJaXgc0o,https://i.ytimg.com/vi/ZG-QJaXgc0o/hqdefault.jpg
498522,Pecan Pie,My Mom‚Äôs Pecan Pie recipe,https://youtube.com/watch?v=4wz80vtgBQY,https://i.ytimg.com/vi/4wz80vtgBQY/hqdefault.jpg
1556996,Baigan Choka,How to make Trini Baigan Choka ( VEGAN ) - Episode 2049,https://youtube.com/watch?v=wCFqZBHWfMs,https://i.ytimg.com/vi/wCFqZBHWfMs/hqdefault.jpg
249781,Hot Punch,PONCHE NAVIDE√ëO a TRADITIONAL MEXICAN HOT FRUIT PUNCH,https://youtube.com/watch?v=vaaqv7pgZDs,https://i.ytimg.com/vi/vaaqv7pgZDs/hqdefault.jpg
1438510,Escarole Soup With Chicken And Rice,How to Cook Chicken Escarole Soup | Reds Kitchen EP 1,https://youtube.com/watch?v=jOEj-I3pn9w,https://i.ytimg.com/vi/jOEj-I3pn9w/hqdefault.jpg
2100400,Cold Minted Pea and Buttermilk Soup,Fresh Pea Soup Recipe | The F Word,https://youtube.com/watch?v=-TEtCVQrZl4,https://i.ytimg.com/vi/-TEtCVQrZl4/hqdefault.jpg
379238,Corn Bread Cake,SUPER MOIST JIFFY CORNBREAD #recipe,https://youtube.com/watch?v=zp1zhiteiH4,https://i.ytimg.com/vi/zp1zhiteiH4/hqdefault.jpg
103537,Freckles,Homemade | Let&#39;s Cook Chocolate Freckles (Chocolate Freckle Biscuits),https://youtube.com/watch?v=Ugt6h0qx1ok,https://i.ytimg.com/vi/Ugt6h0qx1ok/hqdefault.jpg
1955315,Tortilla Espanola (Potato Omelette),Easy Spanish Omelette For One (Or Two) | Tortilla de Patatas,https://youtube.com/watch?v=epIdjMaHa_w,https://i.ytimg.com/vi/epIdjMaHa_w/hqdefault.jpg
1794289,Lemon-Blueberry Cake,Easy Lemon Blueberry Cake Recipe,https://youtube.com/watch?v=HNjVhieip7Q,https://i.ytimg.com/vi/HNjVhieip7Q/hqdefault.jpg
1030195,Pumpkin Bread,The BEST Pumpkin Bread Recipe,https://youtube.com/watch?v=arUQ3ZEhhYE,https://i.ytimg.com/vi/arUQ3ZEhhYE/hqdefault.jpg
518915,Grilled Hamburgers,5 Tips to BEST BURGERS! | Make the best Homemade Grilled Burgers using these tips!,https://youtube.com/watch?v=3RnmZXWp7Ec,https://i.ytimg.com/vi/3RnmZXWp7Ec/hqdefault.jpg
2087695,Smoked Chili Recipe,Smoked Chili Recipe | Easy Over The Top Smoked Chili On A Pellet Grill,https://youtube.com/watch?v=dWtr3QYkNuw,https://i.ytimg.com/vi/dWtr3QYkNuw/hqdefault.jpg
448417,Hawaiian Pineapple Banana Nut Bread,The BEST and EASIEST Hawaiian Banana Bread Recipe - Steph‚Äôs Stove,https://youtube.com/watch?v=szHOlsv_nwg,https://i.ytimg.com/vi/szHOlsv_nwg/hqdefault.jpg
1562848,Buche De Noel (Yule Log Cake),How to make a Yule Log | B√ªche De No√´l,https://youtube.com/watch?v=zVBGZ27DXpQ,https://i.ytimg.com/vi/zVBGZ27DXpQ/hqdefault.jpg
1184978,Baked Macaroni And Cheese,Southern Baked Macaroni &amp; Cheese Recipe (Updated),https://youtube.com/watch?v=e8S1vFC8zYk,https://i.ytimg.com/vi/e8S1vFC8zYk/hqdefault.jpg
1505095,Mashed Potato For One,The Best Way to Make Mashed Potatoes,https://youtube.com/watch?v=YFFXD6kIkZ8,https://i.ytimg.com/vi/YFFXD6kIkZ8/hqdefault.jpg
22189,Sausage Cheese Grits Casserole,Southern Grits Casserole | Southern Sassy Mama,https://youtube.com/watch?v=Z2ScJ22Jje8,https://i.ytimg.com/vi/Z2ScJ22Jje8/hqdefault.jpg
2133469,Russian Beef Stroganoff Recipe,Best Beef Stroganoff Recipe | Classic Russian Dish,https://youtube.com/watch?v=AJCrRpzqJsA,https://i.ytimg.com/vi/AJCrRpzqJsA/hqdefault.jpg
1379739,Nigella Lawson'S No-Bake Nutella Cheesecake,Nigella Lawson&#39;s No-Bake Nutella Cheesecake | Genius Recipes,https://youtube.com/watch?v=vMV8q4BCWR8,https://i.ytimg.com/vi/vMV8q4BCWR8/hqdefault.jpg
116977,Fettuccine With Sun-Dried Tomato Cream,Creamy Chicken Sun Dried Tomato Pasta,https://youtube.com/watch?v=TuxuhidJWNc,https://i.ytimg.com/vi/TuxuhidJWNc/hqdefault.jpg
1863690,Zesty Potato Topping for Focaccia,Amazingly Easy Zesty Focaccia Bread  // Kevin Is Cooking,https://youtube.com/watch?v=3obxAHX3_yY,https://i.ytimg.com/vi/3obxAHX3_yY/hqdefault.jpg
2145162,Pork Stew in Red Chile Sauce,Chile Colorado de Puerco - Pork Stew in Red Chile Sauce #chilecolorado #guajillo #mexicanrecipes,https://youtube.com/watch?v=XHupOa_c_A4,https://i.ytimg.com/vi/XHupOa_c_A4/hqdefault.jpg
982811,Chicken Jambalaya Wrap,Grilled Sausage &amp; Chicken Jambalaya Foil Packets | with Reynolds Wrap,https://youtube.com/watch?v=188T06qN1C4,https://i.ytimg.com/vi/188T06qN1C4/hqdefault.jpg
2200051,Crunchy Potato Pancakes Recipe,How to Make Potato Pancakes - Classic Potato Pancakes Recipe,https://youtube.com/watch?v=nHZsE7T7hwI,https://i.ytimg.com/vi/nHZsE7T7hwI/hqdefault.jpg
2068232,Red Onion Relish,quick and easy red onion relish recipe ! Enjoy sweet and savoury,https://youtube.com/watch?v=NA54jlXWq0o,https://i.ytimg.com/vi/NA54jlXWq0o/hqdefault.jpg
173257,Mostaccioli,BEST BAKED MOSTACCIOLI RECIPE EVER! Cant believe I&#39;m sharing this! Baked Mostaccioli with Meat!,https://youtube.com/watch?v=pEZjAWunyNY,https://i.ytimg.com/vi/pEZjAWunyNY/hqdefault.jpg
1044068,Frozen Fruit Medley,How to make the perfect Berry Compote in under 15 minutes | 3 ingredient recipe | Easy dessert,https://youtube.com/watch?v=hJH0DtiSaAA,https://i.ytimg.com/vi/hJH0DtiSaAA/hqdefault.jpg
727997,Country Style Corn Bread,Homemade Southern Cornbread,https://youtube.com/watch?v=TOMKoLtLWZo,https://i.ytimg.com/vi/TOMKoLtLWZo/hqdefault.jpg
1123353,Puerto Rican Chicken Soup,The BEST Asopao de Pollo | Puerto Rican Chicken Soup,https://youtube.com/watch?v=7M8K9sYZOpA,https://i.ytimg.com/vi/7M8K9sYZOpA/hqdefault.jpg
688535,Buttermilk Biscuits,How To Make The World&#39;s Best Buttermilk Biscuits | Southern Living,https://youtube.com/watch?v=usif9Aou4qE,https://i.ytimg.com/vi/usif9Aou4qE/hqdefault.jpg
13528,Chicken Fajita Sandwiches,Chicken Fajita Sandwich By Recipes Of The World,https://youtube.com/watch?v=oPzpL1vMZHY,https://i.ytimg.com/vi/oPzpL1vMZHY/hqdefault.jpg
269029,Italian Dressing,Homemade Italian Dressing! (quick &amp; flavorful) | plant.well,https://youtube.com/watch?v=KVesuyGINRs,https://i.ytimg.com/vi/KVesuyGINRs/hqdefault.jpg
811364,Chocolate Pixies,Fudgy And Chewy CHOCOLATE CRINKLES,https://youtube.com/watch?v=fNen4IXo5kY,https://i.ytimg.com/vi/fNen4IXo5kY/hqdefault.jpg
1429178,Tapenade Twists,Olive Tapenade is a tasty sandwich spread,https://youtube.com/watch?v=qIldk6XkM2I,https://i.ytimg.com/vi/qIldk6XkM2I/hqdefault.jpg
70986,Peanut Butter Candy Roll,Peanut Butter Pinwheels (QUICK AND EASY RECIPE),https://youtube.com/watch?v=3UAiA3sNcts,https://i.ytimg.com/vi/3UAiA3sNcts/hqdefault.jpg
1961546,Warm Bow-Tie Pasta Salad,The best pasta salad for summer 2023üíõ full recipe at spoonfulofsi.com ü´∂ #recipe #pastasalad,https://youtube.com/watch?v=VTlbNW7Xzv0,https://i.ytimg.com/vi/VTlbNW7Xzv0/hqdefault.jpg
239344,Mini Meat Loaves And Vegetables(Ready To Bake In 10 Minutes)  ,10 Minutes Breakfast Egg Toast Recipe In Air Fryer,https://youtube.com/watch?v=auVwE3Q_ElI,https://i.ytimg.com/vi/auVwE3Q_ElI/hqdefault.jpg
1154219,Crock-Pot Chicken In Creamy Sun-Dried Tomato Sauce,slow cooker creamy sun dried tomato chicken,https://youtube.com/watch?v=nLE7VMt5618,https://i.ytimg.com/vi/nLE7VMt5618/hqdefault.jpg
1571061,Home Canned Cherries,Cherry pie using home canned cherries!,https://youtube.com/watch?v=JH94o3pXS78,https://i.ytimg.com/vi/JH94o3pXS78/hqdefault.jpg
2159898,Mojito Martini,Martini Recipes : Mojito Martini Drink Recipes,https://youtube.com/watch?v=J0FOfUFvoSA,https://i.ytimg.com/vi/J0FOfUFvoSA/hqdefault.jpg
1252706,Vegetarian Nachos,Loaded Veggie Nachos,https://youtube.com/watch?v=1miVhnotCK8,https://i.ytimg.com/vi/1miVhnotCK8/hqdefault.jpg
849349,Cranberry Apple Stuffing,Holiday Cooking &amp; Baking Recipes: Apple Cranberry Stuffing Recipe | Thanksgiving Dinner Ideas,https://youtube.com/watch?v=ty5-qG9MfK0,https://i.ytimg.com/vi/ty5-qG9MfK0/hqdefault.jpg
1843736,Vegetable Barley Soup,Homemade Vegetable Barley Soup,https://youtube.com/watch?v=ltzLgxXLli4,https://i.ytimg.com/vi/ltzLgxXLli4/hqdefault.jpg
1306450,Cranberry And Candied Orange Chutney ,Crock-Pot Cranberry-Orange Chutney Recipe,https://youtube.com/watch?v=o-QgIeFHHmY,https://i.ytimg.com/vi/o-QgIeFHHmY/hqdefault.jpg
1010917,Mexican Dessert Dip,Creamy Jalape√±o Dip üî• #cooking #viral #jalapeno #spicy #mexican #recipe #foodie,https://youtube.com/watch?v=N3d8xRPIkQI,https://i.ytimg.com/vi/N3d8xRPIkQI/hqdefault.jpg
1450479,Spinach & Artichoke Chicken With Creamy Pasta,Spinach Artichoke Chicken Pasta,https://youtube.com/watch?v=pfkCG2WcY3o,https://i.ytimg.com/vi/pfkCG2WcY3o/hqdefault.jpg
124810,*Hot Mulled Cider,Mulled Apple Cider,https://youtube.com/watch?v=ETNTFdzjhpc,https://i.ytimg.com/vi/ETNTFdzjhpc/hqdefault.jpg
1519820,Chicken Potato Delight,Title: Quick &amp; Easy Chicken Potato Delight ‚Äì The Perfect Dinner in Minutes!,https://youtube.com/watch?v=Q1X4TT8Nnd0,https://i.ytimg.com/vi/Q1X4TT8Nnd0/hqdefault.jpg
2014128,Shortbread Cookies,The BEST Shortbread Cookies,https://youtube.com/watch?v=__6mfv7NBWw,https://i.ytimg.com/vi/__6mfv7NBWw/hqdefault.jpg
1214049,Rogue Sauce,How to Make the perfect Italian Beef Ragu - Ragu Recipe,https://youtube.com/watch?v=-ZpyT8uh-LM,https://i.ytimg.com/vi/-ZpyT8uh-LM/hqdefault.jpg
411143,Sleeping Dinosaur Sandwiches,Bedroom Nuggets! @itsQCP,https://youtube.com/watch?v=t8xdali2BgE,https://i.ytimg.com/vi/t8xdali2BgE/hqdefault.jpg
753076,Taco Salad,"Easy Taco Salad Bowls Recipe: Crispy, Fresh, and Delicious!",https://youtube.com/watch?v=0ewCyLMnasE,https://i.ytimg.com/vi/0ewCyLMnasE/hqdefault.jpg
1296660,Savvy Shrimp Saute'  Mediterranean Style ,Cajun Shrimp &amp; Sausage Skillet Meal (Paleo),https://youtube.com/watch?v=kcMavlPmVic,https://i.ytimg.com/vi/kcMavlPmVic/hqdefault.jpg
808920,Parmesan Corn Chowder,Parmesan Corn Chowder - so creamy and delicious! Perfect for soup season! #recipe #soup #corn,https://youtube.com/watch?v=9kFN61UyzQA,https://i.ytimg.com/vi/9kFN61UyzQA/hqdefault.jpg
962923,Quick And Easy Garlic Breadsticks,Easy Breadsticks Recipe,https://youtube.com/watch?v=N_4S1KGYYJo,https://i.ytimg.com/vi/N_4S1KGYYJo/hqdefault.jpg
1725803,Banana Split Breakfast Drink Recipe,Banana Split Protein Shake 60g of Protein!! üí™üèæüçå,https://youtube.com/watch?v=vhZl00xJrpw,https://i.ytimg.com/vi/vhZl00xJrpw/hqdefault.jpg
99138,Tabbouleh(A Middle Eastern Salad)  ,Lebanese Tabbouleh Salad | FeelGoodFoodie,https://youtube.com/watch?v=d99aUMMCTWA,https://i.ytimg.com/vi/d99aUMMCTWA/hqdefault.jpg
194099,Italian Love Cake,Italian love cake that&#39;s creamy and decadent!,https://youtube.com/watch?v=V-rGwJ3Y2h8,https://i.ytimg.com/vi/V-rGwJ3Y2h8/hqdefault.jpg
317601,Quick Monkey Bread,Monkey Bread Recipe üêí,https://youtube.com/watch?v=54fqr7eCrNQ,https://i.ytimg.com/vi/54fqr7eCrNQ/hqdefault.jpg
1066273,Singapore Chicken Noodles,Singapore Noodles Just like Chinese Takeout!,https://youtube.com/watch?v=hmtd0iz_0Vw,https://i.ytimg.com/vi/hmtd0iz_0Vw/hqdefault.jpg
2096657,Amazing Salmon Blender Souffle,Salmon Souffl√© Recipe,https://youtube.com/watch?v=1CNi2oxCGck,https://i.ytimg.com/vi/1CNi2oxCGck/hqdefault.jpg
1244034,Ricotta Pancakes With Cinnamon Apples,Recipe for a One-Pan Apple Pancake - Martha Stewart,https://youtube.com/watch?v=cRLV9NITms0,https://i.ytimg.com/vi/cRLV9NITms0/hqdefault.jpg
827586,Black Cherry Salad,Cheery Cherry JELL-O Salad Recipe,https://youtube.com/watch?v=OLNnIoATrVg,https://i.ytimg.com/vi/OLNnIoATrVg/hqdefault.jpg
1554154,Mama Mia‚ÄôS Minestrone Soup,Let&#39;s Make My Mom&#39;s Minestrone #Shorts,https://youtube.com/watch?v=t7dpGiWET0Q,https://i.ytimg.com/vi/t7dpGiWET0Q/hqdefault.jpg
615420,Cranberry Salad,Marie&#39;s Cranberry Salad  --  Family Favorite  --  Fast and Easy,https://youtube.com/watch?v=Fw2i-LJ99xQ,https://i.ytimg.com/vi/Fw2i-LJ99xQ/hqdefault.jpg
2080446,Salade Panachee (Mixed green salad),Healthy Green Salad that will keep you full! Perfect for weight loss #shortscooking #weightloss,https://youtube.com/watch?v=C82tIaMwZCA,https://i.ytimg.com/vi/C82tIaMwZCA/hqdefault.jpg
92769,Cheese Ring,Cheese Stuffed Onion Rings from Craftaholic #easyrecipe #easysnacks #cheese #easyfood  #recipe,https://youtube.com/watch?v=dwSVttBaLkA,https://i.ytimg.com/vi/dwSVttBaLkA/hqdefault.jpg
1449233,Chicken Potpie With Chive Biscuits,Chicken Pot Pie + Cheddar-Chive Biscuits The Taste,https://youtube.com/watch?v=mIk5grwDAdE,https://i.ytimg.com/vi/mIk5grwDAdE/hqdefault.jpg
776325,Small Pizzas,How to make mini pizzas,https://youtube.com/watch?v=9GHMlS3qa5o,https://i.ytimg.com/vi/9GHMlS3qa5o/hqdefault.jpg
1272010,Spicy Lime Crab Soup ,Sea Crab Soup Recipe / Crab Cooking Vegetable Recipe,https://youtube.com/watch?v=ZT1XqR7YeFk,https://i.ytimg.com/vi/ZT1XqR7YeFk/hqdefault.jpg
1506572,Vanilla Butter Rollouts,Recipe Vanilla Butter Rollouts Recipe,https://youtube.com/watch?v=u9PT53krRkM,https://i.ytimg.com/vi/u9PT53krRkM/hqdefault.jpg
1849083,Currant Tart,Red Currant Tart Recipe: How To Make A Delicious Summer Treat,https://youtube.com/watch?v=efN9NlFulTc,https://i.ytimg.com/vi/efN9NlFulTc/hqdefault.jpg
416629,Potato Pancakes,How to Make Potato Pancakes - Classic Potato Pancakes Recipe,https://youtube.com/watch?v=nHZsE7T7hwI,https://i.ytimg.com/vi/nHZsE7T7hwI/hqdefault.jpg
576359,Broccoli-Rice-Cheese Casserole,VELVEETA One Pot Cheesy Chicken and Broccoli Rice,https://youtube.com/watch?v=wI6fwy8uPeg,https://i.ytimg.com/vi/wI6fwy8uPeg/hqdefault.jpg
537174,Green Chili Pie,GREEN CHILI TAMALE PIE,https://youtube.com/watch?v=VkbMeSbjvHQ,https://i.ytimg.com/vi/VkbMeSbjvHQ/hqdefault.jpg
1574095,Banana Caramel Bundt Cake,Banana Bundt Cake with Brown Sugar Glaze!,https://youtube.com/watch?v=RppCH65vST4,https://i.ytimg.com/vi/RppCH65vST4/hqdefault.jpg
972861,Rice Cooker--Coconut Rice,authentic coconut rice! #rice #coconut #coconutrice,https://youtube.com/watch?v=jJX1HGDXkq0,https://i.ytimg.com/vi/jJX1HGDXkq0/hqdefault.jpg
821466,Crab Meat Dip,Diabolical CRAB Dip #food,https://youtube.com/watch?v=NQp3_vEzf0c,https://i.ytimg.com/vi/NQp3_vEzf0c/hqdefault.jpg
1044229,Pasta With Halloumi Pepper Sauce,HALLOUMI PASTA WITH SMOKY CHORIZO | Outdoor Cooking at Mt Sugarloaf,https://youtube.com/watch?v=NrHsRTwt-Io,https://i.ytimg.com/vi/NrHsRTwt-Io/hqdefault.jpg
997733,Spinach Dip With Homemade Pita Chips,Spinach Artichoke Dip with Homemade Pita Chips,https://youtube.com/watch?v=q9hviWZ-aiI,https://i.ytimg.com/vi/q9hviWZ-aiI/hqdefault.jpg
2194376,Barbecued Beef Roast Sandwiches Recipe,BarbecueüçóBeefü•©Sandwichesü•™!! #easydinner #summerrecipes #juliapacheco #food #beef #crockpot #reels,https://youtube.com/watch?v=Zk8kQALL3ls,https://i.ytimg.com/vi/Zk8kQALL3ls/hqdefault.jpg
1078006,Just Peachy Iced Tea,Just Peachy Drink Recipe - Wyler&#39;s Light Peach Iced Tea,https://youtube.com/watch?v=ji2I9WleXew,https://i.ytimg.com/vi/ji2I9WleXew/hqdefault.jpg
1229434,Homemade Sweet And Sour Sauce (No Pineapple),5-minute Sweet &amp; Sour Sauce,https://youtube.com/watch?v=UztxovneRFY,https://i.ytimg.com/vi/UztxovneRFY/hqdefault.jpg
162774,Peanut'S Fruit Cobbler,PB&amp;J Cobbler,https://youtube.com/watch?v=f6Sq8nCtkq0,https://i.ytimg.com/vi/f6Sq8nCtkq0/hqdefault.jpg
1378941,Hearty Vegetarian Chili In A Crockpot,SLOW COOKER VEGGIE CHILLI! Gluten free and vegan! #glutenfree #slowcooker #vegan #chillirecipe,https://youtube.com/watch?v=6FlF8PxYhkw,https://i.ytimg.com/vi/6FlF8PxYhkw/hqdefault.jpg
1367988,Souffl√©d Macaroni And Cheese,We Tried Tini&#39;s Mac and Cheese Recipe,https://youtube.com/watch?v=zTBJ0XgwmTg,https://i.ytimg.com/vi/zTBJ0XgwmTg/hqdefault.jpg
504588,Brown Sugar Brownies,The Best Fudgy Brownies,https://youtube.com/watch?v=QNdfExfDqDs,https://i.ytimg.com/vi/QNdfExfDqDs/hqdefault.jpg
554527,Tabouli Salad,Tabouli Salad Recipe (Tabbouleh) | Easy Mediterranean Salad!,https://youtube.com/watch?v=q2FVkPV2mds,https://i.ytimg.com/vi/q2FVkPV2mds/hqdefault.jpg
1729708,Hot Chocolate Passion,Best Hot Chocolate Recipe | Perfect Hot Chocolate | How to make hot chocolate,https://youtube.com/watch?v=LJzKRrdHoOk,https://i.ytimg.com/vi/LJzKRrdHoOk/hqdefault.jpg
249885,Vidalia Onion Dip,Love &amp; Best Dishes: Vidalia Onion Dip Recipe,https://youtube.com/watch?v=m6vQsRvSMls,https://i.ytimg.com/vi/m6vQsRvSMls/hqdefault.jpg
178886,Soupas(Portuguese Soup)  ,Caldo Verde - Portuguese Sausage Kale Soup - Food Wishes,https://youtube.com/watch?v=MB5LAU5z9gk,https://i.ytimg.com/vi/MB5LAU5z9gk/hqdefault.jpg
1605910,Crispy Parmesan Polenta With Poached Eggs,Polenta With Parmesan and Olive Oil Fried Eggs Recipe - How To Make Italian Olive Oil Fried Eggs,https://youtube.com/watch?v=rTvm3vc2DcE,https://i.ytimg.com/vi/rTvm3vc2DcE/hqdefault.jpg
808413,Pizza Casserole,New way of making Pizza | Pizza Casserole,https://youtube.com/watch?v=ebwAL4AlHRM,https://i.ytimg.com/vi/ebwAL4AlHRM/hqdefault.jpg
1965665,Triple-Citrus Cupcakes,Triple - citrus Cupcakes #cookingwithlovejohnadelacruz #shorts,https://youtube.com/watch?v=smz0-sBD96g,https://i.ytimg.com/vi/smz0-sBD96g/hqdefault.jpg
1365946,Martha Stewart'S Slow-Cooker Persian Lamb Stew,Martha Teaches You How To Cook Lamb | Martha Stewart Cooking School S4E13 &quot;Lamb&quot;,https://youtube.com/watch?v=Pp9ZiG2iJTM,https://i.ytimg.com/vi/Pp9ZiG2iJTM/hqdefault.jpg
1712896,Citrus Syrup,Citrus Series üçã Episode 2: Lemon Simple Syrup #lemon #citrus #simplesyrup,https://youtube.com/watch?v=huOUYhXhuG8,https://i.ytimg.com/vi/huOUYhXhuG8/hqdefault.jpg
2077392,Hibiscus Tea with Citrus Fruit,How to make citrus hibiscus tea #shorts,https://youtube.com/watch?v=6suaOTPxkPA,https://i.ytimg.com/vi/6suaOTPxkPA/hqdefault.jpg
438900,Denver Omelette,The Denver Omelet - Food Wishes - American-Style Omelet,https://youtube.com/watch?v=r5B5WmzdBKU,https://i.ytimg.com/vi/r5B5WmzdBKU/hqdefault.jpg
994044,Oven-Style Pizza Fries,Pizza fries skewers üçü #shorts,https://youtube.com/watch?v=wxMyVaWz6Vg,https://i.ytimg.com/vi/wxMyVaWz6Vg/hqdefault.jpg
1563945,Blackberry And Mint Chocolate Muffins,The Mad Hatter‚Äôs Blackberry Mint Muffins |  A Very Merry Unbirthday to All!!!üòÑü´ñüéâ,https://youtube.com/watch?v=kT7t0mfWmpU,https://i.ytimg.com/vi/kT7t0mfWmpU/hqdefault.jpg
2119783,Pear-Pecorino Ice Cream,Ciao Italia 1410-r0714 Chestnut Honey Roasted Pear &amp; Raspberry Crostata with Gelato,https://youtube.com/watch?v=nCYqZV0T-Mo,https://i.ytimg.com/vi/nCYqZV0T-Mo/hqdefault.jpg
1690221,Cranberry Delight,Thanksgiving Delight: Crafting Effortless Homemade Cranberry Sauce | Simple Recipe Inside! #recipe,https://youtube.com/watch?v=ppvbp0D-VQ0,https://i.ytimg.com/vi/ppvbp0D-VQ0/hqdefault.jpg
778500,Glazed Carrots,Glazed Carrots,https://youtube.com/watch?v=JHoNi3g-Twk,https://i.ytimg.com/vi/JHoNi3g-Twk/hqdefault.jpg
841770,Cinnamon Apples,How to Make Cinnamon Apples | MY HEAVENLY RECIPES,https://youtube.com/watch?v=h0vdxVUjq4M,https://i.ytimg.com/vi/h0vdxVUjq4M/hqdefault.jpg
213978,Pumpkin Pie Squares,Easy Pumpkin Bars with Cake Mix,https://youtube.com/watch?v=s-Sz9-sU208,https://i.ytimg.com/vi/s-Sz9-sU208/hqdefault.jpg
1101014,French Meringue Strips,How To Make French Meringue,https://youtube.com/watch?v=UJbxpWESYn8,https://i.ytimg.com/vi/UJbxpWESYn8/hqdefault.jpg
1118992,Liverwurst Ball,How do you cook LiverWurst? #dinner #appetizer #breakfast #lunch,https://youtube.com/watch?v=umhp3Rug3wM,https://i.ytimg.com/vi/umhp3Rug3wM/hqdefault.jpg
346025,Chocolate Frosting,One Minute Chocolate Frosting Recipe,https://youtube.com/watch?v=trxUTyiLgic,https://i.ytimg.com/vi/trxUTyiLgic/hqdefault.jpg
437891,Cowboy Stew,THE BEST COWBOY STEW RECIPE,https://youtube.com/watch?v=lj08RaTMBYQ,https://i.ytimg.com/vi/lj08RaTMBYQ/hqdefault.jpg
1766509,Emeril's Corn Tortillas,Skirt Steak Taco Bar with Homemade Corn Tortillas | Emeril Lagasse,https://youtube.com/watch?v=nixjHb5HMI8,https://i.ytimg.com/vi/nixjHb5HMI8/hqdefault.jpg
1498855,"Crab, Grapefruit And Watercress Salad","Recipe Grilled Soft-Shell Crabs with Watercress, Avocado, and Mango Salad with Grapefruit",https://youtube.com/watch?v=U2A0ARp0tsU,https://i.ytimg.com/vi/U2A0ARp0tsU/hqdefault.jpg
1128277,Baked Cabbage (Bulgaria),My Grandma&#39;s Recipes: Oven-baked cabbage with pork / –ó–µ–ª–µ —Å –º–µ—Å–æ,https://youtube.com/watch?v=pgHWLnYpe2E,https://i.ytimg.com/vi/pgHWLnYpe2E/hqdefault.jpg
1939673,Tricolor Coleslaw,Copycat KFC coleslaw recipe hack #shorts,https://youtube.com/watch?v=2SIipzhWLQA,https://i.ytimg.com/vi/2SIipzhWLQA/hqdefault.jpg
1796581,Curried Crab,CURRY CRAB LEGS/ CRAB CURRY| recipe guyanese style,https://youtube.com/watch?v=PotFWN_7RMc,https://i.ytimg.com/vi/PotFWN_7RMc/hqdefault.jpg
711726,Chocolate Buttermilk Cake,Claire Saffitz&#39;s Chocolate Buttermilk Cake | Dessert Person | Recipe Test Review,https://youtube.com/watch?v=6FhL03Llbnk,https://i.ytimg.com/vi/6FhL03Llbnk/hqdefault.jpg
1632280,Roasted Brussels Sprouts With Maple Bacon Dressing,Maple Bacon Brussel Sprouts! #SHORTS,https://youtube.com/watch?v=kp4Fx-Qeq0o,https://i.ytimg.com/vi/kp4Fx-Qeq0o/hqdefault.jpg
116562,Pretzel Salad Or Dessert,Strawberry Pretzel Salad Recipe - Best Party Dessert!,https://youtube.com/watch?v=HSlBKL8wQdg,https://i.ytimg.com/vi/HSlBKL8wQdg/hqdefault.jpg
1139604,Best Of Bridge Danish Glogg,Glogg:   A Swedish Christmas Beverage Ep. 31,https://youtube.com/watch?v=iEKqZk6zOWI,https://i.ytimg.com/vi/iEKqZk6zOWI/hqdefault.jpg
272769,Peanut Butter Pie,Amazing Peanut Butter Pie Recipe,https://youtube.com/watch?v=OqZNe-gfzGg,https://i.ytimg.com/vi/OqZNe-gfzGg/hqdefault.jpg
1536919,Osso Buco,The EASIEST Osso Buco Recipe Ever!,https://youtube.com/watch?v=f1ydTuESo7g,https://i.ytimg.com/vi/f1ydTuESo7g/hqdefault.jpg
1829081,Banana Banshee Recipe,Banana Banshee Cocktail - TheFNDC.com,https://youtube.com/watch?v=UlsI98KKGc4,https://i.ytimg.com/vi/UlsI98KKGc4/hqdefault.jpg
710401,Beef Stew,How To Make Delicious Beef Stew | Quick &amp; Easy Beef Stew Recipe #MrMakeItHappen #BeefStew,https://youtube.com/watch?v=fmCJhIe8aMY,https://i.ytimg.com/vi/fmCJhIe8aMY/hqdefault.jpg
514310,Potato Candy,Dylan Hollis - POTATO CANDY | GREAT DEPRESSION,https://youtube.com/watch?v=6pmipEEqiVc,https://i.ytimg.com/vi/6pmipEEqiVc/hqdefault.jpg
1142267,Red Bean Chili,Quick and Easy Chili Recipe | With beans #recipe #cooking,https://youtube.com/watch?v=ePpz14L7j4c,https://i.ytimg.com/vi/ePpz14L7j4c/hqdefault.jpg
810055,Green Bean Casserole,Flavorful &amp; Easy Green Bean Casserole,https://youtube.com/watch?v=47l9FkV1HaE,https://i.ytimg.com/vi/47l9FkV1HaE/hqdefault.jpg
969130,Porcini Dusted Chicken Scaloppine,Chicken Scallopini with Mushrooms &amp; Piccata Sauce Full Video,https://youtube.com/watch?v=PnAld2Nayvk,https://i.ytimg.com/vi/PnAld2Nayvk/hqdefault.jpg
1076256,Curried Chicken Salad With Cashews,Ina Garten&#39;s Curried Chicken Salad | Barefoot Contessa | Food Network,https://youtube.com/watch?v=ZkvkbuHfFzY,https://i.ytimg.com/vi/ZkvkbuHfFzY/hqdefault.jpg
2066594,Shrimp Remoulade Recipe,Emeril Lagasse&#39;s New Orleans Shrimp Remoulade Recipe - Martha Stewart,https://youtube.com/watch?v=0AUbfclwiNU,https://i.ytimg.com/vi/0AUbfclwiNU/hqdefault.jpg
578308,Crock-Pot Apple Butter,How To Make Crockpot Apple Butter,https://youtube.com/watch?v=nnKpHF8wQ0g,https://i.ytimg.com/vi/nnKpHF8wQ0g/hqdefault.jpg
1083717,Italian Lentil And Barley Soup,The Cheap And Easy Soup I Make Every Week In The Fall,https://youtube.com/watch?v=yKEhXivJGCw,https://i.ytimg.com/vi/yKEhXivJGCw/hqdefault.jpg
1411144,Blue Smoothie,Blue Raspberry Smoothie Bowl ü´ê,https://youtube.com/watch?v=6FpUkoa001U,https://i.ytimg.com/vi/6FpUkoa001U/hqdefault.jpg
1086580,Slow-Cooked Sausage Spanish Rice,Sausage Rice Recipe - Rice on the pressure pan - Instant pot recipes,https://youtube.com/watch?v=Cr8MI_o4QfQ,https://i.ytimg.com/vi/Cr8MI_o4QfQ/hqdefault.jpg
159031,Micro-Easy Sweet N Sour Chicken,Microwave Sweet and Sour Chicken: Springfield Family Center Meal Guide,https://youtube.com/watch?v=QK_jT9P7pUM,https://i.ytimg.com/vi/QK_jT9P7pUM/hqdefault.jpg
1967298,Gluten Free Banana Bread Recipe,"Healthy and Tasty Banana Bread Recipe! Perfect for Breakfast, Gluten Free!",https://youtube.com/watch?v=dXwD9whLSSg,https://i.ytimg.com/vi/dXwD9whLSSg/hqdefault.jpg
2196310,Fresh Corn Spoon Bread,Fresh Corn Spoonbread | Southern Living,https://youtube.com/watch?v=DAB32gbyP6Y,https://i.ytimg.com/vi/DAB32gbyP6Y/hqdefault.jpg
196965,Hearty Meat Filling,How to make a Hearty Beef Stew | MyHealthyDish,https://youtube.com/watch?v=yhz6F3zx3iU,https://i.ytimg.com/vi/yhz6F3zx3iU/hqdefault.jpg
190151,Chicken Parmesan Casserole,Dump and Bake Chicken Parmesan Casserole üòä,https://youtube.com/watch?v=AqqUL_CwdNc,https://i.ytimg.com/vi/AqqUL_CwdNc/hqdefault.jpg
1158141,Lamb Shank & Lentil Soup,Lamb Shank and Famous Lentil Soup at Famous Dave‚Äôs,https://youtube.com/watch?v=tIyYIApVtjQ,https://i.ytimg.com/vi/tIyYIApVtjQ/hqdefault.jpg
502643,Chinese Beets,The best way to eat BEETS! #shorts,https://youtube.com/watch?v=F8jGtQjiUfY,https://i.ytimg.com/vi/F8jGtQjiUfY/hqdefault.jpg
977834,Mashed Potatoes Zip N Steam Style,STEAMED POTATOES,https://youtube.com/watch?v=kTzNQhhrM6U,https://i.ytimg.com/vi/kTzNQhhrM6U/hqdefault.jpg
1940961,Cream Horns,Italian Cream Horns - TIPS,https://youtube.com/watch?v=zpnB-UOHGRw,https://i.ytimg.com/vi/zpnB-UOHGRw/hqdefault.jpg
1272026,Burgundy Mushroom Sauce ,Red Wine Mushroom Reduction for Steaks! üç∑üçÑ #redwine #reduction #steaks #sauce,https://youtube.com/watch?v=TVCW57DsEJI,https://i.ytimg.com/vi/TVCW57DsEJI/hqdefault.jpg
594154,Sour Cream Pound Cake,Sour Cream Pound Cake,https://youtube.com/watch?v=1vE4RRBtmk0,https://i.ytimg.com/vi/1vE4RRBtmk0/hqdefault.jpg
1453649,Seared Pork With Cranberry-Orange Sauce,Pork Medallions with Cranberry Orange Wine Sauce,https://youtube.com/watch?v=ecJa2iygXTM,https://i.ytimg.com/vi/ecJa2iygXTM/hqdefault.jpg
426344,Tomato Gravy,EASY AND DELICIOUS TOMATO GRAVY | HOW MAKE TOMATO GRAVY | BASIC TOMATO GRAVY,https://youtube.com/watch?v=bTUffvB5vT0,https://i.ytimg.com/vi/bTUffvB5vT0/hqdefault.jpg
742586,Tater Tot Casserole,EASY TATER TOT CASSEROLE RECIPE!,https://youtube.com/watch?v=c55qNdgAy1U,https://i.ytimg.com/vi/c55qNdgAy1U/hqdefault.jpg
562738,Beef Brisket Roast,Simple Beef Brisket | Gordon Ramsay,https://youtube.com/watch?v=gh48wM6bPWQ,https://i.ytimg.com/vi/gh48wM6bPWQ/hqdefault.jpg
268930,Black Bottom Cupcakes,Amazing Black Bottom Cupcakes Recipe,https://youtube.com/watch?v=1ZpDrZTJfQk,https://i.ytimg.com/vi/1ZpDrZTJfQk/hqdefault.jpg
2020012,Carmel Sauce for Pudding,STICKY DATE PUDDING WITH CARAMEL SAUCE RECIPE,https://youtube.com/watch?v=3E9ZYJr_gCs,https://i.ytimg.com/vi/3E9ZYJr_gCs/hqdefault.jpg
1925760,Curried Fruit and Cream Pizza,Curried Fruit &amp; Cream Pizza in a Minute!,https://youtube.com/watch?v=XRZLqkjgr6c,https://i.ytimg.com/vi/XRZLqkjgr6c/hqdefault.jpg
879586,Old Fashioned Peach Ice Cream,Make the Viral Japanese Peach Ice Cream at home üçë,https://youtube.com/watch?v=X-MP2OrN4bM,https://i.ytimg.com/vi/X-MP2OrN4bM/hqdefault.jpg
440638,Italian Chicken,Italian chicken,https://youtube.com/watch?v=26PQ2O2QLOQ,https://i.ytimg.com/vi/26PQ2O2QLOQ/hqdefault.jpg
1188567,"""Hershey'S""Triple Layer Cheesecake",Triple Layer Chocolate Cheesecake ‚ù§Ô∏è #alazizfoodrecipes #shorts #cake,https://youtube.com/watch?v=k-QeBX-AqeI,https://i.ytimg.com/vi/k-QeBX-AqeI/hqdefault.jpg
1578268,Hot & Sour Soup,AUTHENTIC HOT and SOUR Soup Recipe! RESTAURANT QUALITY!,https://youtube.com/watch?v=0hr_PlhClGg,https://i.ytimg.com/vi/0hr_PlhClGg/hqdefault.jpg
1929529,Barbecued Beef Brisket Recipe,Texas Smoked Brisket Recipe | Over The Fire Cooking by Derek Wolf,https://youtube.com/watch?v=dvu_eNfqb30,https://i.ytimg.com/vi/dvu_eNfqb30/hqdefault.jpg
106285,Yeast Rolls,The EASIEST Yeast Rolls You Will Ever Make-Quick Yeast Rolls,https://youtube.com/watch?v=l6YCZK9_EyU,https://i.ytimg.com/vi/l6YCZK9_EyU/hqdefault.jpg
1180910,Vegan Chili,VEGAN CHILI RECIPE | how to make delicious vegetarian chili,https://youtube.com/watch?v=ldCpCIlvz1Q,https://i.ytimg.com/vi/ldCpCIlvz1Q/hqdefault.jpg
1902616,Gluten Free Cheesecake,Gluten Free Blueberry Cheesecake |  Popping with fresh flavors!,https://youtube.com/watch?v=uieQESyQdVU,https://i.ytimg.com/vi/uieQESyQdVU/hqdefault.jpg
65780,Peanut Butter Blossoms,EASY Peanut Butter Blossom Cookies Recipe,https://youtube.com/watch?v=Q3WSgY7dHXQ,https://i.ytimg.com/vi/Q3WSgY7dHXQ/hqdefault.jpg
1483299,Bloody Mary-Flavored Gazpacho Recipe,Spicely Organics Bloody Mary Gazpacho,https://youtube.com/watch?v=6FCj-AqxWo4,https://i.ytimg.com/vi/6FCj-AqxWo4/hqdefault.jpg
818489,Mints,The Lemon &amp; Mint Drink That Runs Through My Veins | The Golden Balance,https://youtube.com/watch?v=EypcOCy-8Dw,https://i.ytimg.com/vi/EypcOCy-8Dw/hqdefault.jpg
329624,Peaches In Cream Cake,Easy Peaches &amp; Cream Cake Recipe | Peach Shortcake Cake,https://youtube.com/watch?v=Ph-teNGOguo,https://i.ytimg.com/vi/Ph-teNGOguo/hqdefault.jpg
431518,Spinach Casserole 1,Spinach Casserole with Michael&#39;s Home Cooking,https://youtube.com/watch?v=_r_GOBNqemU,https://i.ytimg.com/vi/_r_GOBNqemU/hqdefault.jpg
1489447,Sweet Pineapple Casserole,MeMe&#39;s Recipes | Pineapple Casserole,https://youtube.com/watch?v=dpXLyV6OikA,https://i.ytimg.com/vi/dpXLyV6OikA/hqdefault.jpg
1299987,Potatoes Grand Mere (Scalloped Potatoes) ,Homemade Scalloped Potatoes,https://youtube.com/watch?v=bCakPV9n_-k,https://i.ytimg.com/vi/bCakPV9n_-k/hqdefault.jpg
1304110,Lemon-Basil Orzo With Parmesan ,Lemon Orzo with Parmesan and Peas | RecipesTested,https://youtube.com/watch?v=HCXnAVrNVEs,https://i.ytimg.com/vi/HCXnAVrNVEs/hqdefault.jpg
1415759,Apple-Raspberry Pie,‚ÄúOutrageous‚Äù  Apple Raspberry Pie,https://youtube.com/watch?v=ACIEElCT7Zc,https://i.ytimg.com/vi/ACIEElCT7Zc/hqdefault.jpg
1106204,Chambord Vodka Soda,Chambord Vodka Lemonade,https://youtube.com/watch?v=epkQPdaCkFs,https://i.ytimg.com/vi/epkQPdaCkFs/hqdefault.jpg
